Geography,Segment,Variety,Timeframe,Period,"Current Year Week Ending","Units Prior Year","Units Current Year","Unit Variance","Dollars Prior Year","Dollars Current Year","Dollar Variance","ASP Prior Year","ASP Current Year","ASP Variance"
"Total U.S.",Avocados,Hass,"Last 04 Wks",1,"2022-01-23 00:00:00",187775691.70,162636067.30,-0.133881144,175889878.40,196998064.40,0.120007963,0.936702066,1.211281530,0.293134256
California,Avocados,Hass,"Last 04 Wks",1,"2022-01-23 00:00:00",28780056.83,25681201.91,-0.107673690,33239756.66,34806063.03,0.047121475,1.154957992,1.355312853,0.173473721
"Great Lakes",Avocados,Hass,"Last 04 Wks",1,"2022-01-23 00:00:00",19793469.61,18024237.33,-0.089384646,18810245.98,19839618.61,0.054724039,0.950325858,1.100718896,0.158254179
Midsouth,Avocados,Hass,"Last 04 Wks",1,"2022-01-23 00:00:00",18543698.40,17106117.28,-0.077523970,18068622.55,20578295.99,0.138896777,0.974380739,1.202978774,0.234608532
Northeast,Avocados,Hass,"Last 04 Wks",1,"2022-01-23 00:00:00",26105029.44,23026230.20,-0.117938930,28780541.96,31505318.15,0.094674249,1.102490309,1.368236046,0.241041336
Plains,Avocados,Hass,"Last 04 Wks",1,"2022-01-23 00:00:00",9172587.75,7579397.68,-0.173690360,8175121.25,9131407.75,0.116975208,0.891255714,1.204766940,0.351763496
"South Central",Avocados,Hass,"Last 04 Wks",1,"2022-01-23 00:00:00",26982270.42,20713224.09,-0.232339467,18413878.49,20940338.28,0.137204109,0.682443627,1.010964695,0.481389313
Southeast,Avocados,Hass,"Last 04 Wks",1,"2022-01-23 00:00:00",24382002.69,21742645.78,-0.108250210,20175867.83,25792262.76,0.278371914,0.827490181,1.186252263,0.433554488
West,Avocados,Hass,"Last 04 Wks",1,"2022-01-23 00:00:00",34016576.54,28763013.06,-0.154441276,30225843.70,34404759.82,0.138256393,0.888562189,1.196145889,0.346158889
Albany,Avocados,Hass,"Last 04 Wks",1,"2022-01-23 00:00:00",624591.07,557411.84,-0.107557142,738245.71,648359.52,-0.121756465,1.181966478,1.163160654,-0.015910624
Atlanta,Avocados,Hass,"Last 04 Wks",1,"2022-01-23 00:00:00",3427577.52,3280822.23,-0.042816039,2940290.75,3886431.66,0.321784814,0.857833479,1.184590750,0.380909907
Baltimore/Washington,Avocados,Hass,"Last 04 Wks",1,"2022-01-23 00:00:00",4462557.88,4018096.21,-0.099597963,5090898.32,5569716.85,0.094053838,1.140802753,1.386158159,0.215072593
Birmingham/Montgomery,Avocados,Hass,"Last 04 Wks",1,"2022-01-23 00:00:00",1503005.20,1330211.71,-0.114965335,1183655.18,1499035.09,0.266445770,0.787525669,1.126914675,0.430956120
Boise,Avocados,Hass,"Last 04 Wks",1,"2022-01-23 00:00:00",608833.90,504452.89,-0.171444154,600267.70,681086.73,0.134638313,0.985930139,1.350149317,0.369416822
Boston,Avocados,Hass,"Last 04 Wks",1,"2022-01-23 00:00:00",2962045.87,2697919.24,-0.089170338,3820769.70,3935893.19,0.030130968,1.289909025,1.458862494,0.130980919
Buffalo/Rochester,Avocados,Hass,"Last 04 Wks",1,"2022-01-23 00:00:00",941970.96,822844.41,-0.126465196,993783.93,1120617.80,0.127627208,1.055004851,1.361882972,0.290878398
Charlotte,Avocados,Hass,"Last 04 Wks",1,"2022-01-23 00:00:00",1621521.37,1514786.97,-0.065823614,1629875.15,1974673.40,0.211548875,1.005151816,1.303598089,0.296916614
Chicago,Avocados,Hass,"Last 04 Wks",1,"2022-01-23 00:00:00",4155919.73,3782760.02,-0.089789922,4717418.34,5016369.60,0.063371794,1.135108146,1.326113625,0.168270732
Cincinnati/Dayton,Avocados,Hass,"Last 04 Wks",1,"2022-01-23 00:00:00",1430793.97,1441130.81,0.007224548,1297314.65,1423337.11,0.097141010,0.906709618,0.987652960,0.089271516
Columbus,Avocados,Hass,"Last 04 Wks",1,"2022-01-23 00:00:00",1180651.57,1177259.89,-0.002872721,1041157.09,1137339.70,0.092380503,0.881849576,0.966090593,0.095527648
"Dallas/Ft. Worth",Avocados,Hass,"Last 04 Wks",1,"2022-01-23 00:00:00",6853263.86,5801380.81,-0.153486437,4736885.42,5440815.99,0.148606207,0.691186785,0.937848448,0.356866868
Denver,Avocados,Hass,"Last 04 Wks",1,"2022-01-23 00:00:00",4801240.69,3888370.61,-0.190132122,4435479.80,4878043.05,0.099777988,0.923819506,1.254521120,0.357972107
Detroit,Avocados,Hass,"Last 04 Wks",1,"2022-01-23 00:00:00",2387749.55,2206434.72,-0.075935448,2166020.95,2152730.34,-0.006135958,0.907139088,0.975660109,0.075535297
"Grand Rapids",Avocados,Hass,"Last 04 Wks",1,"2022-01-23 00:00:00",1057151.38,780321.31,-0.261864175,1099663.00,971969.92,-0.116120192,1.040213371,1.245602183,0.197448733
Harrisburg/Scranton,Avocados,Hass,"Last 04 Wks",1,"2022-01-23 00:00:00",1673287.26,1540507.66,-0.079352541,1720837.17,1883101.43,0.094293794,1.028417063,1.222390176,0.188613278
Hartford/Springfield,Avocados,Hass,"Last 04 Wks",1,"2022-01-23 00:00:00",1699138.38,1500583.95,-0.116855947,2043999.98,2240031.54,0.095905852,1.202962635,1.492773220,0.240914037
Houston,Avocados,Hass,"Last 04 Wks",1,"2022-01-23 00:00:00",5187678.75,3893954.04,-0.249384121,3586625.28,4042900.34,0.127215703,0.691373821,1.038250656,0.501721101
Indianapolis,Avocados,Hass,"Last 04 Wks",1,"2022-01-23 00:00:00",1207885.64,1173854.50,-0.028174140,1022859.50,1141746.69,0.116230221,0.846818166,0.972647536,0.148590779
Jacksonville,Avocados,Hass,"Last 04 Wks",1,"2022-01-23 00:00:00",1030756.09,874873.45,-0.151231358,856269.21,1104372.26,0.289748891,0.830719522,1.262322298,0.519552947
"Las Vegas",Avocados,Hass,"Last 04 Wks",1,"2022-01-23 00:00:00",1782659.07,1659852.81,-0.068889370,1544767.73,1869538.64,0.210239316,0.866552533,1.126327968,0.299780366
"Los Angeles",Avocados,Hass,"Last 04 Wks",1,"2022-01-23 00:00:00",13905892.39,12618034.53,-0.092612385,15339966.63,16116311.41,0.050609288,1.103127092,1.277244199,0.157839572
Louisville,Avocados,Hass,"Last 04 Wks",1,"2022-01-23 00:00:00",603525.27,600407.76,-0.005165503,565342.44,598969.32,0.059480564,0.936733665,0.997604240,0.064981730
"Miami/FT. Lauderdale",Avocados,Hass,"Last 04 Wks",1,"2022-01-23 00:00:00",4423162.11,3857516.48,-0.127882636,3719660.14,4698848.02,0.263246599,0.840950445,1.218101866,0.448482338
Nashville,Avocados,Hass,"Last 04 Wks",1,"2022-01-23 00:00:00",1347849.39,1271106.63,-0.056937194,1145023.30,1459485.70,0.274634065,0.849518728,1.148200844,0.351589796
"Northern New England",Avocados,Hass,"Last 04 Wks",1,"2022-01-23 00:00:00",2477398.40,2190806.01,-0.115682804,2567220.85,2620242.04,0.020653148,1.036256764,1.196017372,0.154170871
"New Orleans/Mobile",Avocados,Hass,"Last 04 Wks",1,"2022-01-23 00:00:00",1517025.36,1289473.07,-0.149999005,1083884.63,1293180.57,0.193097988,0.714480229,1.002875208,0.403643050
"New York",Avocados,Hass,"Last 04 Wks",1,"2022-01-23 00:00:00",9200322.51,7975601.70,-0.133117161,9998517.49,11600404.09,0.160212411,1.086757282,1.454486386,0.338372799
Orlando,Avocados,Hass,"Last 04 Wks",1,"2022-01-23 00:00:00",2663864.55,2232700.84,-0.161856467,2130151.86,2689656.34,0.262659436,0.799647212,1.204664904,0.506495471
Peoria/Springfield,Avocados,Hass,"Last 04 Wks",1,"2022-01-23 00:00:00",611737.48,545909.43,-0.107608328,511346.69,546137.92,0.068038448,0.835892361,1.000418548,0.196827001
Philadelphia,Avocados,Hass,"Last 04 Wks",1,"2022-01-23 00:00:00",2982248.46,2520986.97,-0.154669036,2908580.22,3230748.06,0.110764642,0.975297750,1.281540962,0.313999710
Phoenix/Tucson,Avocados,Hass,"Last 04 Wks",1,"2022-01-23 00:00:00",6162844.07,5176491.38,-0.160048296,4353933.01,5054313.92,0.160861664,0.706481126,0.976397632,0.382057633
Pittsburgh,Avocados,Hass,"Last 04 Wks",1,"2022-01-23 00:00:00",595473.36,603146.78,0.012886242,625271.93,721684.75,0.154193422,1.050041809,1.196532541,0.139509428
Portland,Avocados,Hass,"Last 04 Wks",1,"2022-01-23 00:00:00",3533237.50,2921363.63,-0.173176547,3534360.93,3808185.82,0.077475076,1.000317961,1.303564465,0.303150114
Providence,Avocados,Hass,"Last 04 Wks",1,"2022-01-23 00:00:00",387516.78,363990.41,-0.060710567,537150.70,553577.50,0.030581365,1.386135348,1.520857371,0.097192546
Raleigh/Greensboro,Avocados,Hass,"Last 04 Wks",1,"2022-01-23 00:00:00",2062811.57,1852618.63,-0.101896335,1991670.43,2276246.34,0.142883034,0.965512536,1.228664283,0.272551352
Richmond/Norfolk,Avocados,Hass,"Last 04 Wks",1,"2022-01-23 00:00:00",1527694.30,1465485.32,-0.040720826,1442521.37,1625496.33,0.126843845,0.944247402,1.109186359,0.174677691
Roanoke,Avocados,Hass,"Last 04 Wks",1,"2022-01-23 00:00:00",896452.86,852972.04,-0.048503189,794432.90,890135.57,0.120466645,0.886195957,1.043569458,0.177583185
Sacramento,Avocados,Hass,"Last 04 Wks",1,"2022-01-23 00:00:00",2334354.25,1892913.41,-0.189106190,2672501.48,2880374.48,0.077782183,1.144856864,1.521662041,0.329128635
"San Diego",Avocados,Hass,"Last 04 Wks",1,"2022-01-23 00:00:00",2462898.67,2389131.20,-0.029951486,2903456.25,3062769.81,0.054870314,1.178877672,1.281959656,0.087440781
"San Francisco",Avocados,Hass,"Last 04 Wks",1,"2022-01-23 00:00:00",3978512.76,3437456.16,-0.135994689,5319269.31,5298976.00,-0.003815056,1.336999435,1.541539953,0.152984746
Seattle,Avocados,Hass,"Last 04 Wks",1,"2022-01-23 00:00:00",3141243.37,2611838.46,-0.168533555,3734552.71,3997857.93,0.070505154,1.188877231,1.530668147,0.287490506
"South Carolina",Avocados,Hass,"Last 04 Wks",1,"2022-01-23 00:00:00",2335273.25,2158961.52,-0.075499402,2119454.46,2690734.35,0.269541008,0.907583068,1.246309549,0.373218158
Spokane,Avocados,Hass,"Last 04 Wks",1,"2022-01-23 00:00:00",421058.13,354646.00,-0.157726735,411966.49,474401.04,0.151552504,0.978407632,1.337674844,0.367195840
"St. Louis",Avocados,Hass,"Last 04 Wks",1,"2022-01-23 00:00:00",1018093.89,851230.71,-0.163897632,883258.83,959348.08,0.086146041,0.867561268,1.127012999,0.299058683
Syracuse,Avocados,Hass,"Last 04 Wks",1,"2022-01-23 00:00:00",421412.18,366799.76,-0.129593840,467335.94,474059.17,0.014386286,1.108975876,1.292419530,0.165417173
Tampa,Avocados,Hass,"Last 04 Wks",1,"2022-01-23 00:00:00",2768796.49,2442083.86,-0.117998064,2216863.76,2812181.20,0.268540380,0.800659698,1.151549806,0.438251243
Toledo,Avocados,Hass,"Last 04 Wks",1,"2022-01-23 00:00:00",689695.41,640578.35,-0.071215588,586795.67,601904.19,0.025747491,0.850804075,0.939626177,0.104397833
"West Tex/New Mexico",Avocados,Hass,"Last 04 Wks",1,"2022-01-23 00:00:00",4131074.37,3662703.61,-0.113377469,2877069.08,3784900.71,0.315540436,0.696445722,1.033362539,0.483766079
Wichita,Avocados,Hass,"Last 04 Wks",1,"2022-01-23 00:00:00",480240.88,393817.10,-0.179959220,363795.09,426084.89,0.171222192,0.757526298,1.081935964,0.428248717
"Total U.S.",Avocados,Hass,"Last 04 Wks",2,"2022-02-20 00:00:00",192665040.20,174120320.70,-0.096253682,181368064.00,220844157.60,0.217657358,0.941364680,1.268342240,0.347344198
California,Avocados,Hass,"Last 04 Wks",2,"2022-02-20 00:00:00",29139248.62,28095716.80,-0.035811899,32889076.74,38261779.16,0.163358262,1.128686507,1.361836733,0.206567744
"Great Lakes",Avocados,Hass,"Last 04 Wks",2,"2022-02-20 00:00:00",18786725.20,19367858.36,0.030933181,18068818.99,22954496.77,0.270392756,0.961786517,1.185185080,0.232274584
Midsouth,Avocados,Hass,"Last 04 Wks",2,"2022-02-20 00:00:00",19384688.58,17787609.32,-0.082388698,18883337.01,22630964.35,0.198462133,0.974136723,1.272288139,0.306067319
Northeast,Avocados,Hass,"Last 04 Wks",2,"2022-02-20 00:00:00",28015243.87,25374602.30,-0.094257312,30209391.52,36744741.10,0.216335029,1.078319777,1.448091310,0.342914543
Plains,Avocados,Hass,"Last 04 Wks",2,"2022-02-20 00:00:00",9226428.55,8220487.69,-0.109028195,8360407.17,10058453.73,0.203105725,0.906136880,1.223583576,0.350329739
"South Central",Avocados,Hass,"Last 04 Wks",2,"2022-02-20 00:00:00",27272079.45,22133637.18,-0.188414025,19274557.65,23407379.57,0.214418509,0.706750568,1.057547812,0.496352262
Southeast,Avocados,Hass,"Last 04 Wks",2,"2022-02-20 00:00:00",26903893.19,22731842.90,-0.155072363,22991784.13,28110040.69,0.222612414,0.854589481,1.236593127,0.447002513
West,Avocados,Hass,"Last 04 Wks",2,"2022-02-20 00:00:00",33936732.80,30408566.18,-0.103963061,30690690.79,38676302.26,0.260196537,0.904350191,1.271888389,0.406411368
Albany,Avocados,Hass,"Last 04 Wks",2,"2022-02-20 00:00:00",630965.41,604836.85,-0.041410446,638973.76,683386.58,0.069506475,1.012692216,1.129869273,0.115708460
Atlanta,Avocados,Hass,"Last 04 Wks",2,"2022-02-20 00:00:00",3635935.76,3411737.29,-0.061661837,3192490.14,4119027.85,0.290224144,0.878038102,1.207310971,0.375009772
Baltimore/Washington,Avocados,Hass,"Last 04 Wks",2,"2022-02-20 00:00:00",4957463.40,4324342.97,-0.127710560,5358929.59,6095843.85,0.137511466,1.080982179,1.409657813,0.304052777
Birmingham/Montgomery,Avocados,Hass,"Last 04 Wks",2,"2022-02-20 00:00:00",1649626.27,1404559.49,-0.148558967,1361680.34,1666504.05,0.223858498,0.825447776,1.186495877,0.437396660
Boise,Avocados,Hass,"Last 04 Wks",2,"2022-02-20 00:00:00",564212.66,509139.95,-0.097609832,568179.30,712533.56,0.254064620,1.007030414,1.399484678,0.389714410
Boston,Avocados,Hass,"Last 04 Wks",2,"2022-02-20 00:00:00",3250970.17,2777268.97,-0.145710717,4056185.56,4509549.32,0.111770962,1.247684643,1.623735173,0.301398700
Buffalo/Rochester,Avocados,Hass,"Last 04 Wks",2,"2022-02-20 00:00:00",907532.98,827412.80,-0.088283493,988240.90,1117386.31,0.130682111,1.088931117,1.350458092,0.240168520
Charlotte,Avocados,Hass,"Last 04 Wks",2,"2022-02-20 00:00:00",1683856.55,1511381.16,-0.102428792,1696096.12,2106490.07,0.241963849,1.007268773,1.393751707,0.383693949
Chicago,Avocados,Hass,"Last 04 Wks",2,"2022-02-20 00:00:00",4244707.72,4424425.30,0.042339212,4649551.65,6140811.14,0.320731889,1.095376162,1.387934187,0.267084528
Cincinnati/Dayton,Avocados,Hass,"Last 04 Wks",2,"2022-02-20 00:00:00",1344618.66,1499293.21,0.115032284,1257554.41,1683727.02,0.338890000,0.935249855,1.123013833,0.200763439
Columbus,Avocados,Hass,"Last 04 Wks",2,"2022-02-20 00:00:00",1139909.75,1221457.63,0.071538887,1036961.08,1349981.91,0.301863633,0.909686992,1.105222057,0.214947632
"Dallas/Ft. Worth",Avocados,Hass,"Last 04 Wks",2,"2022-02-20 00:00:00",6899771.13,6314183.85,-0.084870537,5104899.10,6285556.10,0.231279206,0.739864989,0.995466120,0.345469964
Denver,Avocados,Hass,"Last 04 Wks",2,"2022-02-20 00:00:00",4686849.49,4089044.05,-0.127549527,4412252.98,5636822.79,0.277538440,0.941411282,1.378518481,0.464310559
Detroit,Avocados,Hass,"Last 04 Wks",2,"2022-02-20 00:00:00",2146563.86,2290214.65,0.066921278,2008248.44,2469012.49,0.229435783,0.935564267,1.078070342,0.152320990
"Grand Rapids",Avocados,Hass,"Last 04 Wks",2,"2022-02-20 00:00:00",874724.68,842751.50,-0.036552274,990552.46,1043824.13,0.053779764,1.132416272,1.238590658,0.093759148
Harrisburg/Scranton,Avocados,Hass,"Last 04 Wks",2,"2022-02-20 00:00:00",1856171.17,1667224.04,-0.101794022,1830991.93,2234054.68,0.220133549,0.986434850,1.339984685,0.358411744
Hartford/Springfield,Avocados,Hass,"Last 04 Wks",2,"2022-02-20 00:00:00",1786063.66,1639628.59,-0.081987596,2162172.79,2480635.78,0.147288412,1.210579912,1.512925423,0.249752626
Houston,Avocados,Hass,"Last 04 Wks",2,"2022-02-20 00:00:00",5165337.19,4029050.47,-0.219983068,3566349.06,4274823.07,0.198655260,0.690438771,1.061000128,0.536704154
Indianapolis,Avocados,Hass,"Last 04 Wks",2,"2022-02-20 00:00:00",1154703.99,1239956.41,0.073830539,1002489.04,1325156.70,0.321866516,0.868178382,1.068712326,0.230982421
Jacksonville,Avocados,Hass,"Last 04 Wks",2,"2022-02-20 00:00:00",1188159.52,897441.69,-0.244679122,1020624.63,1192182.02,0.168090579,0.858996305,1.328422820,0.546482577
"Las Vegas",Avocados,Hass,"Last 04 Wks",2,"2022-02-20 00:00:00",1977674.38,1850353.66,-0.064379013,1710703.39,2116720.43,0.237339240,0.865007608,1.143954520,0.322479142
"Los Angeles",Avocados,Hass,"Last 04 Wks",2,"2022-02-20 00:00:00",14422422.19,13891229.03,-0.036831064,15212880.11,18007874.51,0.183725526,1.054807571,1.296348543,0.228990556
Louisville,Avocados,Hass,"Last 04 Wks",2,"2022-02-20 00:00:00",579392.84,595809.84,0.028334826,528486.77,668899.83,0.265688885,0.912138931,1.122673352,0.230813985
"Miami/FT. Lauderdale",Avocados,Hass,"Last 04 Wks",2,"2022-02-20 00:00:00",5086339.00,4101916.69,-0.193542411,4448316.91,5296997.38,0.190786873,0.874561626,1.291346895,0.476564781
Nashville,Avocados,Hass,"Last 04 Wks",2,"2022-02-20 00:00:00",1395062.37,1331326.93,-0.045686448,1246302.80,1595823.13,0.280445754,0.893367082,1.198671112,0.341745332
"Northern New England",Avocados,Hass,"Last 04 Wks",2,"2022-02-20 00:00:00",2477130.39,2350046.31,-0.051302945,2428723.01,2765844.61,0.138806112,0.980458283,1.176931961,0.200389636
"New Orleans/Mobile",Avocados,Hass,"Last 04 Wks",2,"2022-02-20 00:00:00",1544285.64,1143669.41,-0.259418477,1133299.62,1285811.20,0.134573043,0.733866581,1.124285734,0.532002904
"New York",Avocados,Hass,"Last 04 Wks",2,"2022-02-20 00:00:00",10150524.29,9245277.13,-0.089182306,10875298.66,14209758.24,0.306608553,1.071402653,1.536974830,0.434544544
Orlando,Avocados,Hass,"Last 04 Wks",2,"2022-02-20 00:00:00",2962331.45,2299310.39,-0.223817309,2501712.69,2895983.09,0.157600194,0.844508027,1.259500718,0.491401713
Peoria/Springfield,Avocados,Hass,"Last 04 Wks",2,"2022-02-20 00:00:00",599484.22,598579.73,-0.001508781,498640.83,633941.67,0.271339286,0.831783077,1.059076417,0.273260357
Philadelphia,Avocados,Hass,"Last 04 Wks",2,"2022-02-20 00:00:00",3206154.59,2797173.11,-0.127561372,3139741.80,3919149.21,0.248239330,0.979285843,1.401110709,0.430747436
Phoenix/Tucson,Avocados,Hass,"Last 04 Wks",2,"2022-02-20 00:00:00",6477631.78,5862442.87,-0.094971268,4503158.79,5994028.12,0.331071898,0.695185979,1.022445463,0.470750984
Pittsburgh,Avocados,Hass,"Last 04 Wks",2,"2022-02-20 00:00:00",599425.63,631597.98,0.053671961,625808.42,822742.47,0.314687441,1.044013447,1.302636321,0.247719868
Portland,Avocados,Hass,"Last 04 Wks",2,"2022-02-20 00:00:00",3175981.61,2715589.26,-0.144960647,3416322.94,3944845.70,0.154705152,1.075674661,1.452666556,0.350470183
Providence,Avocados,Hass,"Last 04 Wks",2,"2022-02-20 00:00:00",459408.85,374422.04,-0.184991665,618069.59,656646.85,0.062415722,1.345358484,1.753761211,0.303564240
Raleigh/Greensboro,Avocados,Hass,"Last 04 Wks",2,"2022-02-20 00:00:00",2141254.77,1877706.70,-0.123081136,2098519.76,2511441.54,0.196768116,0.980042073,1.337504702,0.364742127
Richmond/Norfolk,Avocados,Hass,"Last 04 Wks",2,"2022-02-20 00:00:00",1571902.17,1461720.99,-0.070094171,1488225.79,1757069.49,0.180647115,0.946767438,1.202055315,0.269641589
Roanoke,Avocados,Hass,"Last 04 Wks",2,"2022-02-20 00:00:00",903121.58,873504.29,-0.032794357,836906.62,1001241.48,0.196359842,0.926682120,1.146235326,0.236923969
Sacramento,Avocados,Hass,"Last 04 Wks",2,"2022-02-20 00:00:00",2270190.28,2072403.65,-0.087123371,2748884.20,3119212.26,0.134719413,1.210860700,1.505118106,0.243015076
"San Diego",Avocados,Hass,"Last 04 Wks",2,"2022-02-20 00:00:00",2606252.99,2648298.33,0.016132488,2796369.84,3333680.27,0.192145693,1.072946431,1.258800878,0.173218756
"San Francisco",Avocados,Hass,"Last 04 Wks",2,"2022-02-20 00:00:00",3823284.83,3708332.15,-0.030066470,5204324.99,5684785.28,0.092319425,1.361218224,1.532976294,0.126179673
Seattle,Avocados,Hass,"Last 04 Wks",2,"2022-02-20 00:00:00",2891052.21,2496598.66,-0.136439441,3649226.05,4308386.53,0.180630213,1.262248411,1.725702495,0.367165512
"South Carolina",Avocados,Hass,"Last 04 Wks",2,"2022-02-20 00:00:00",2436449.50,2257322.47,-0.073519697,2281123.93,2939943.81,0.288813714,0.936249214,1.302403109,0.391085930
Spokane,Avocados,Hass,"Last 04 Wks",2,"2022-02-20 00:00:00",381162.76,350079.24,-0.081549204,400469.31,516720.00,0.290286154,1.050651710,1.476008689,0.404850603
"St. Louis",Avocados,Hass,"Last 04 Wks",2,"2022-02-20 00:00:00",1023656.04,841927.59,-0.177528824,877362.05,967775.27,0.103051205,0.857086776,1.149475663,0.341142689
Syracuse,Avocados,Hass,"Last 04 Wks",2,"2022-02-20 00:00:00",435730.38,387502.90,-0.110681931,464017.07,494470.43,0.065629845,1.064917854,1.276043170,0.198255025
Tampa,Avocados,Hass,"Last 04 Wks",2,"2022-02-20 00:00:00",3102579.95,2517792.50,-0.188484250,2538818.70,2996206.14,0.180157584,0.818292757,1.190013137,0.454263313
Toledo,Avocados,Hass,"Last 04 Wks",2,"2022-02-20 00:00:00",640154.87,690216.01,0.078201620,551328.18,706364.08,0.281204382,0.861241879,1.023395671,0.188279036
"West Tex/New Mexico",Avocados,Hass,"Last 04 Wks",2,"2022-02-20 00:00:00",4638865.09,4250359.21,-0.083750200,3234307.88,4394286.48,0.358648170,0.697219646,1.033862378,0.482835981
Wichita,Avocados,Hass,"Last 04 Wks",2,"2022-02-20 00:00:00",477421.14,475291.10,-0.004461557,373731.64,498878.94,0.334858732,0.782813343,1.049628203,0.340840970
"Total U.S.",Avocados,Hass,"Last 04 Wks",3,"2022-03-20 00:00:00",182024386.70,150713520.30,-0.172014679,182381128.30,209702263.20,0.149802423,1.001959856,1.391396490,0.388674887
California,Avocados,Hass,"Last 04 Wks",3,"2022-03-20 00:00:00",26492387.07,23919611.01,-0.097113788,32886713.54,36079772.47,0.097092673,1.241364678,1.508376221,0.215095167
"Great Lakes",Avocados,Hass,"Last 04 Wks",3,"2022-03-20 00:00:00",18653757.95,16046791.83,-0.139755546,18246113.46,21656443.05,0.186907179,0.978146790,1.349580856,0.379732439
Midsouth,Avocados,Hass,"Last 04 Wks",3,"2022-03-20 00:00:00",18685745.65,16395882.53,-0.122545986,19240647.39,22090276.22,0.148104623,1.029696526,1.347306324,0.308449907
Northeast,Avocados,Hass,"Last 04 Wks",3,"2022-03-20 00:00:00",26332221.19,21035843.09,-0.201136777,29702588.25,32842882.30,0.105724593,1.127994028,1.561281958,0.384122539
Plains,Avocados,Hass,"Last 04 Wks",3,"2022-03-20 00:00:00",8577244.81,7445452.19,-0.131952934,8273477.23,10084815.50,0.218933131,0.964584480,1.354493353,0.404224700
"South Central",Avocados,Hass,"Last 04 Wks",3,"2022-03-20 00:00:00",26868532.11,19677190.35,-0.267649223,19878519.04,22587509.33,0.136277269,0.739843880,1.147903178,0.551547845
Southeast,Avocados,Hass,"Last 04 Wks",3,"2022-03-20 00:00:00",24431412.50,20113034.55,-0.176755148,23324069.84,28053905.86,0.202787766,0.954675455,1.394812194,0.461032843
West,Avocados,Hass,"Last 04 Wks",3,"2022-03-20 00:00:00",31983085.41,26079714.73,-0.184577898,30828999.55,36306658.44,0.177678775,0.963915744,1.392141701,0.444256628
Albany,Avocados,Hass,"Last 04 Wks",3,"2022-03-20 00:00:00",609537.13,501792.05,-0.176765404,605586.30,622536.91,0.027990419,0.993518306,1.240627283,0.248721111
Atlanta,Avocados,Hass,"Last 04 Wks",3,"2022-03-20 00:00:00",3408118.92,3053664.74,-0.104002879,3286385.72,3823211.46,0.163348369,0.964281409,1.252007600,0.298384048
Baltimore/Washington,Avocados,Hass,"Last 04 Wks",3,"2022-03-20 00:00:00",4609844.58,3949123.44,-0.143328290,5437982.60,5953119.00,0.094729321,1.179645541,1.507453261,0.277886626
Birmingham/Montgomery,Avocados,Hass,"Last 04 Wks",3,"2022-03-20 00:00:00",1500109.38,1212371.11,-0.191811524,1380422.24,1646119.09,0.192475059,0.920214392,1.357768321,0.475491292
Boise,Avocados,Hass,"Last 04 Wks",3,"2022-03-20 00:00:00",536479.93,464064.66,-0.134982252,575126.71,701699.14,0.220077478,1.072037687,1.512071910,0.410465255
Boston,Avocados,Hass,"Last 04 Wks",3,"2022-03-20 00:00:00",2929751.87,2441348.09,-0.166704825,3948884.18,4131814.97,0.046324677,1.347856188,1.692431726,0.255647109
Buffalo/Rochester,Avocados,Hass,"Last 04 Wks",3,"2022-03-20 00:00:00",865453.83,729686.81,-0.156873794,1013647.99,1066599.04,0.052238102,1.171232886,1.461721698,0.248019686
Charlotte,Avocados,Hass,"Last 04 Wks",3,"2022-03-20 00:00:00",1656009.61,1386615.24,-0.162676815,1726444.75,2033995.78,0.178141248,1.042533054,1.466878281,0.407032876
Chicago,Avocados,Hass,"Last 04 Wks",3,"2022-03-20 00:00:00",4602163.05,3120403.33,-0.321970278,4553921.15,4952406.28,0.087503741,0.989517559,1.587104536,0.603917507
Cincinnati/Dayton,Avocados,Hass,"Last 04 Wks",3,"2022-03-20 00:00:00",1318921.65,1366044.06,0.035727980,1319104.17,1700345.48,0.289015314,1.000138386,1.244722282,0.244550054
Columbus,Avocados,Hass,"Last 04 Wks",3,"2022-03-20 00:00:00",1123571.05,1122008.35,-0.001390835,1048148.77,1355236.93,0.292981464,0.932872712,1.207867068,0.294782293
"Dallas/Ft. Worth",Avocados,Hass,"Last 04 Wks",3,"2022-03-20 00:00:00",6579598.28,5511161.85,-0.162386271,5046936.26,6019292.74,0.192662721,0.767058420,1.092200320,0.423881534
Denver,Avocados,Hass,"Last 04 Wks",3,"2022-03-20 00:00:00",4377573.23,3586211.78,-0.180776290,4352061.64,5062442.58,0.163228602,0.994172207,1.411640719,0.419915694
Detroit,Avocados,Hass,"Last 04 Wks",3,"2022-03-20 00:00:00",2090927.64,1960217.20,-0.062513134,2060969.45,2486418.44,0.206431489,0.985672296,1.268440273,0.286878284
"Grand Rapids",Avocados,Hass,"Last 04 Wks",3,"2022-03-20 00:00:00",821968.00,609799.34,-0.258122781,991165.27,1049380.59,0.058734224,1.205844108,1.720862149,0.427101677
Harrisburg/Scranton,Avocados,Hass,"Last 04 Wks",3,"2022-03-20 00:00:00",1819725.19,1438998.13,-0.209222281,1820400.05,2112476.84,0.160446489,1.000370858,1.468019168,0.467474943
Hartford/Springfield,Avocados,Hass,"Last 04 Wks",3,"2022-03-20 00:00:00",1678820.91,1369227.79,-0.184411045,2137081.66,2197073.10,0.028071666,1.272965836,1.604607443,0.260526714
Houston,Avocados,Hass,"Last 04 Wks",3,"2022-03-20 00:00:00",5166031.49,3624908.12,-0.298318616,3703805.71,3910279.71,0.055746444,0.716953762,1.078725191,0.504595203
Indianapolis,Avocados,Hass,"Last 04 Wks",3,"2022-03-20 00:00:00",1144661.11,1101570.23,-0.037645100,1042819.31,1315000.32,0.261004963,0.911028857,1.193750778,0.310332563
Jacksonville,Avocados,Hass,"Last 04 Wks",3,"2022-03-20 00:00:00",1007158.70,799089.28,-0.206590500,1013740.58,1203941.45,0.187622819,1.006535103,1.506641975,0.496859842
"Las Vegas",Avocados,Hass,"Last 04 Wks",3,"2022-03-20 00:00:00",1846303.63,1585337.38,-0.141345248,1661930.13,2057371.43,0.237940989,0.900139124,1.297749899,0.441721468
"Los Angeles",Avocados,Hass,"Last 04 Wks",3,"2022-03-20 00:00:00",12700866.52,11570085.37,-0.089031811,15286212.25,16363700.66,0.070487599,1.203556642,1.414311143,0.175109749
Louisville,Avocados,Hass,"Last 04 Wks",3,"2022-03-20 00:00:00",561252.07,571795.91,0.018786283,548590.97,662267.84,0.207216062,0.977441347,1.158224166,0.184955159
"Miami/FT. Lauderdale",Avocados,Hass,"Last 04 Wks",3,"2022-03-20 00:00:00",4549852.31,3531920.57,-0.223728523,4550210.25,5369492.22,0.180053652,1.000078671,1.520275474,0.520155883
Nashville,Avocados,Hass,"Last 04 Wks",3,"2022-03-20 00:00:00",1299917.22,1211441.93,-0.068062251,1236266.23,1527966.86,0.235952925,0.951034578,1.261279491,0.326218331
"Northern New England",Avocados,Hass,"Last 04 Wks",3,"2022-03-20 00:00:00",2280906.13,1850481.65,-0.188707672,2445119.88,2662076.47,0.088730452,1.071994960,1.438585718,0.341970599
"New Orleans/Mobile",Avocados,Hass,"Last 04 Wks",3,"2022-03-20 00:00:00",1542675.95,1186312.41,-0.231003499,1262946.14,1485205.90,0.175985140,0.818672349,1.251951753,0.529246412
"New York",Avocados,Hass,"Last 04 Wks",3,"2022-03-20 00:00:00",9535211.12,7438467.95,-0.219894782,10639732.91,12076037.71,0.134994441,1.115836113,1.623457652,0.454924817
Orlando,Avocados,Hass,"Last 04 Wks",3,"2022-03-20 00:00:00",2584285.36,2013375.25,-0.220916050,2473837.00,2944014.11,0.190059858,0.957261548,1.462228225,0.527511711
Peoria/Springfield,Avocados,Hass,"Last 04 Wks",3,"2022-03-20 00:00:00",567757.13,510441.55,-0.100950878,499444.97,609729.09,0.220813372,0.879680657,1.194513050,0.357893959
Philadelphia,Avocados,Hass,"Last 04 Wks",3,"2022-03-20 00:00:00",3007665.13,2343647.00,-0.220775287,3061644.35,3573590.24,0.167212724,1.017947216,1.524798844,0.497915433
Phoenix/Tucson,Avocados,Hass,"Last 04 Wks",3,"2022-03-20 00:00:00",5940017.86,4874966.69,-0.179301005,4527968.90,5904562.79,0.304020174,0.762282034,1.211200643,0.588914062
Pittsburgh,Avocados,Hass,"Last 04 Wks",3,"2022-03-20 00:00:00",613702.45,535869.41,-0.126825380,633162.70,807876.80,0.275938722,1.031709577,1.507600162,0.461264096
Portland,Avocados,Hass,"Last 04 Wks",3,"2022-03-20 00:00:00",3033422.73,2353815.69,-0.224039673,3391061.93,3607161.91,0.063726345,1.117899559,1.532474239,0.370851456
Providence,Avocados,Hass,"Last 04 Wks",3,"2022-03-20 00:00:00",417886.11,346138.70,-0.171691301,597441.90,611986.20,0.024344295,1.429676385,1.768037509,0.236669730
Raleigh/Greensboro,Avocados,Hass,"Last 04 Wks",3,"2022-03-20 00:00:00",2101708.15,1705301.81,-0.188611507,2143949.46,2403182.17,0.120913633,1.020098559,1.409241555,0.381475881
Richmond/Norfolk,Avocados,Hass,"Last 04 Wks",3,"2022-03-20 00:00:00",1533711.93,1383080.56,-0.098213603,1493312.21,1763821.74,0.181147336,0.973658860,1.275284892,0.309786152
Roanoke,Avocados,Hass,"Last 04 Wks",3,"2022-03-20 00:00:00",888247.34,822642.61,-0.073858624,845509.53,967766.61,0.144595740,0.951885244,1.176411964,0.235875828
Sacramento,Avocados,Hass,"Last 04 Wks",3,"2022-03-20 00:00:00",2100171.08,1776876.32,-0.153937343,2689292.74,3016672.07,0.121734361,1.280511271,1.697738909,0.325828946
"San Diego",Avocados,Hass,"Last 04 Wks",3,"2022-03-20 00:00:00",2271539.00,2181219.82,-0.039761225,2887990.16,3036264.31,0.051341640,1.271380401,1.392002896,0.094875219
"San Francisco",Avocados,Hass,"Last 04 Wks",3,"2022-03-20 00:00:00",3731014.18,3436970.62,-0.078810627,5069186.56,5907180.54,0.165311331,1.358661831,1.718717207,0.265007353
Seattle,Avocados,Hass,"Last 04 Wks",3,"2022-03-20 00:00:00",2740109.71,2157273.94,-0.212705269,3668390.68,3949720.86,0.076690352,1.338775110,1.830885166,0.367582317
"South Carolina",Avocados,Hass,"Last 04 Wks",3,"2022-03-20 00:00:00",2324050.79,2076155.01,-0.106665392,2373451.27,2867986.38,0.208361182,1.021256193,1.381393186,0.352641184
Spokane,Avocados,Hass,"Last 04 Wks",3,"2022-03-20 00:00:00",375486.47,291054.69,-0.224859711,415073.72,461963.50,0.112967357,1.105429230,1.587205137,0.435827001
"St. Louis",Avocados,Hass,"Last 04 Wks",3,"2022-03-20 00:00:00",895435.57,804821.98,-0.101194993,841857.13,1002726.40,0.191088569,0.940164937,1.245898387,0.325191292
Syracuse,Avocados,Hass,"Last 04 Wks",3,"2022-03-20 00:00:00",417497.82,328917.60,-0.212169283,461623.09,456090.78,-0.011984457,1.105689819,1.386641449,0.254096243
Tampa,Avocados,Hass,"Last 04 Wks",3,"2022-03-20 00:00:00",2742107.04,2186471.79,-0.202630765,2432552.81,3100369.42,0.274533242,0.887110816,1.417978240,0.598422897
Toledo,Avocados,Hass,"Last 04 Wks",3,"2022-03-20 00:00:00",623305.28,581232.90,-0.067498826,562609.34,699559.35,0.243419366,0.902622453,1.203578364,0.333423915
"West Tex/New Mexico",Avocados,Hass,"Last 04 Wks",3,"2022-03-20 00:00:00",4361197.50,3594877.55,-0.175713195,3333111.34,4226689.86,0.268091412,0.764265167,1.175753498,0.538410422
Wichita,Avocados,Hass,"Last 04 Wks",3,"2022-03-20 00:00:00",472833.80,431017.71,-0.088437178,391224.91,479007.77,0.224379534,0.827404702,1.111341268,0.343165280
"Total U.S.",Avocados,Hass,"Last 04 Wks",4,"2022-04-17 00:00:00",170891668.80,154845743.60,-0.093895304,200171034.30,220626077.60,0.102187828,1.171332902,1.424812025,0.216402291
California,Avocados,Hass,"Last 04 Wks",4,"2022-04-17 00:00:00",25425058.28,24206848.26,-0.047913755,35167495.84,37872718.50,0.076923949,1.383182506,1.564545623,0.131120164
"Great Lakes",Avocados,Hass,"Last 04 Wks",4,"2022-04-17 00:00:00",15987280.26,16842218.58,0.053476157,20170354.81,23753945.24,0.177666207,1.261650167,1.410381010,0.117885961
Midsouth,Avocados,Hass,"Last 04 Wks",4,"2022-04-17 00:00:00",18146249.16,16541761.76,-0.088419782,21084441.19,23489258.39,0.114056483,1.161917320,1.419997382,0.222115686
Northeast,Avocados,Hass,"Last 04 Wks",4,"2022-04-17 00:00:00",25470181.46,20772355.88,-0.184444135,31706283.15,32379552.38,0.021234568,1.244839312,1.558780938,0.252194499
Plains,Avocados,Hass,"Last 04 Wks",4,"2022-04-17 00:00:00",8371191.80,7611824.52,-0.090711968,9610892.72,10940724.97,0.138367193,1.148091329,1.437332790,0.251932450
"South Central",Avocados,Hass,"Last 04 Wks",4,"2022-04-17 00:00:00",24351552.32,20758235.54,-0.147560071,22407114.74,24368623.99,0.087539573,0.920151391,1.173925594,0.275796141
Southeast,Avocados,Hass,"Last 04 Wks",4,"2022-04-17 00:00:00",23838479.31,20737461.62,-0.130084543,25597437.33,28982491.23,0.132241906,1.073786503,1.397591073,0.301553958
West,Avocados,Hass,"Last 04 Wks",4,"2022-04-17 00:00:00",29301676.19,27375037.49,-0.065751826,34427014.53,38838762.88,0.128147863,1.174916216,1.418765651,0.207546233
Albany,Avocados,Hass,"Last 04 Wks",4,"2022-04-17 00:00:00",620816.91,530684.77,-0.145183119,621856.00,674246.09,0.084247956,1.001673741,1.270520892,0.268397923
Atlanta,Avocados,Hass,"Last 04 Wks",4,"2022-04-17 00:00:00",3187573.88,3116637.27,-0.022254108,3533899.24,3969684.97,0.123315834,1.108648574,1.273707728,0.148883206
Baltimore/Washington,Avocados,Hass,"Last 04 Wks",4,"2022-04-17 00:00:00",4427846.58,3999911.43,-0.096646336,5906735.57,6129891.70,0.037779941,1.333997343,1.532506857,0.148808028
Birmingham/Montgomery,Avocados,Hass,"Last 04 Wks",4,"2022-04-17 00:00:00",1460396.87,1298591.47,-0.110795501,1496983.88,1769404.09,0.181979384,1.025052785,1.362556376,0.329254840
Boise,Avocados,Hass,"Last 04 Wks",4,"2022-04-17 00:00:00",523832.30,464842.31,-0.112612353,666457.05,760195.89,0.140652492,1.272271779,1.635384469,0.285404970
Boston,Avocados,Hass,"Last 04 Wks",4,"2022-04-17 00:00:00",2991349.17,2494847.30,-0.165979242,4282558.87,4256101.41,-0.006177955,1.431647938,1.705956679,0.191603490
Buffalo/Rochester,Avocados,Hass,"Last 04 Wks",4,"2022-04-17 00:00:00",891243.92,768856.31,-0.137322235,1088323.63,1152232.50,0.058722297,1.221128820,1.498631773,0.227251170
Charlotte,Avocados,Hass,"Last 04 Wks",4,"2022-04-17 00:00:00",1593470.18,1328226.99,-0.166456325,1827986.63,2049514.62,0.121186877,1.147173415,1.543045454,0.345084740
Chicago,Avocados,Hass,"Last 04 Wks",4,"2022-04-17 00:00:00",3261197.57,3642180.71,0.116823078,4948104.59,5937053.73,0.199864235,1.517266122,1.630082141,0.074354800
Cincinnati/Dayton,Avocados,Hass,"Last 04 Wks",4,"2022-04-17 00:00:00",1211510.02,1386948.41,0.144809691,1509298.25,1813789.14,0.201743355,1.245799232,1.307755306,0.049731990
Columbus,Avocados,Hass,"Last 04 Wks",4,"2022-04-17 00:00:00",1001814.21,1106179.99,0.104176783,1193831.47,1419017.92,0.188624984,1.191669540,1.282809248,0.076480689
"Dallas/Ft. Worth",Avocados,Hass,"Last 04 Wks",4,"2022-04-17 00:00:00",6062400.00,5972740.27,-0.014789478,5627013.69,6525852.90,0.159736453,0.928182517,1.092606175,0.177145825
Denver,Avocados,Hass,"Last 04 Wks",4,"2022-04-17 00:00:00",4146327.28,3792754.96,-0.085273616,4874856.31,5694880.84,0.168215118,1.175704661,1.501515625,0.277119736
Detroit,Avocados,Hass,"Last 04 Wks",4,"2022-04-17 00:00:00",1796456.07,1928478.15,0.073490290,2221424.66,2619943.69,0.179397952,1.236559409,1.358555031,0.098657308
"Grand Rapids",Avocados,Hass,"Last 04 Wks",4,"2022-04-17 00:00:00",723873.65,661719.98,-0.085862589,1038997.62,1130160.43,0.087741109,1.435330087,1.707913408,0.189909850
Harrisburg/Scranton,Avocados,Hass,"Last 04 Wks",4,"2022-04-17 00:00:00",1851147.48,1496994.36,-0.191315457,1985679.72,2176585.28,0.096141163,1.072675050,1.453970262,0.355461994
Hartford/Springfield,Avocados,Hass,"Last 04 Wks",4,"2022-04-17 00:00:00",1731834.46,1342672.70,-0.224710714,2276811.00,2156139.80,-0.053000096,1.314681660,1.605856587,0.221479416
Houston,Avocados,Hass,"Last 04 Wks",4,"2022-04-17 00:00:00",4583297.14,3841936.11,-0.161752774,4152675.63,4204833.54,0.012560073,0.906045474,1.094456912,0.207949208
Indianapolis,Avocados,Hass,"Last 04 Wks",4,"2022-04-17 00:00:00",1045617.92,1131469.19,0.082105779,1176104.56,1411479.04,0.200130578,1.124793803,1.247474566,0.109069558
Jacksonville,Avocados,Hass,"Last 04 Wks",4,"2022-04-17 00:00:00",1008123.39,876588.09,-0.130475399,1123917.11,1286145.05,0.144341553,1.114860665,1.467217125,0.316054257
"Las Vegas",Avocados,Hass,"Last 04 Wks",4,"2022-04-17 00:00:00",1548131.05,1582040.04,0.021903182,1764244.18,2182524.57,0.237087583,1.139596151,1.379563420,0.210572200
"Los Angeles",Avocados,Hass,"Last 04 Wks",4,"2022-04-17 00:00:00",12351696.07,11501275.42,-0.068850516,16142998.53,17121468.58,0.060612659,1.306945899,1.488658253,0.139035866
Louisville,Avocados,Hass,"Last 04 Wks",4,"2022-04-17 00:00:00",546180.87,554127.80,0.014549999,638086.22,719928.80,0.128262586,1.168269065,1.299210761,0.112081797
"Miami/FT. Lauderdale",Avocados,Hass,"Last 04 Wks",4,"2022-04-17 00:00:00",4492372.17,3570685.94,-0.205166936,4919316.29,5285240.14,0.074385104,1.095037565,1.480175022,0.351711639
Nashville,Avocados,Hass,"Last 04 Wks",4,"2022-04-17 00:00:00",1285282.22,1305131.91,0.015443834,1447864.53,1731955.05,0.196213465,1.126495416,1.327034484,0.178020314
"Northern New England",Avocados,Hass,"Last 04 Wks",4,"2022-04-17 00:00:00",2281612.89,2061614.32,-0.096422394,2623164.43,2826549.98,0.077534428,1.149697407,1.371037230,0.192520068
"New Orleans/Mobile",Avocados,Hass,"Last 04 Wks",4,"2022-04-17 00:00:00",1435502.31,1238841.36,-0.136998006,1378093.15,1629757.68,0.182617945,0.960007610,1.315549946,0.370353665
"New York",Avocados,Hass,"Last 04 Wks",4,"2022-04-17 00:00:00",8679255.67,6780138.33,-0.218811084,11199533.34,11139904.77,-0.005324201,1.290379471,1.643020280,0.273284577
Orlando,Avocados,Hass,"Last 04 Wks",4,"2022-04-17 00:00:00",2589450.25,2088024.63,-0.193641728,2782225.74,3057252.36,0.098851296,1.074446492,1.464184050,0.362733334
Peoria/Springfield,Avocados,Hass,"Last 04 Wks",4,"2022-04-17 00:00:00",532786.72,529146.75,-0.006831949,584936.14,658283.39,0.125393601,1.097880465,1.244046915,0.133135122
Philadelphia,Avocados,Hass,"Last 04 Wks",4,"2022-04-17 00:00:00",2855411.56,2282673.29,-0.200579937,3269650.99,3453789.44,0.056317462,1.145071711,1.513045893,0.321354705
Phoenix/Tucson,Avocados,Hass,"Last 04 Wks",4,"2022-04-17 00:00:00",5399652.11,5247033.14,-0.028264592,4933140.15,6032712.14,0.222894941,0.913603331,1.149737761,0.258464939
Pittsburgh,Avocados,Hass,"Last 04 Wks",4,"2022-04-17 00:00:00",579257.44,576976.59,-0.003937537,704054.34,869342.78,0.234766606,1.215442889,1.506721060,0.239647764
Portland,Avocados,Hass,"Last 04 Wks",4,"2022-04-17 00:00:00",2745754.96,2545507.23,-0.072929936,3943940.42,3948696.94,0.001206034,1.436377416,1.551241694,0.079968034
Providence,Avocados,Hass,"Last 04 Wks",4,"2022-04-17 00:00:00",434523.57,342002.60,-0.212925099,647230.41,620650.31,-0.041067456,1.489517389,1.814753206,0.218349795
Raleigh/Greensboro,Avocados,Hass,"Last 04 Wks",4,"2022-04-17 00:00:00",2014658.37,1668977.03,-0.171583106,2250496.67,2513527.60,0.116876836,1.117061187,1.506028876,0.348206252
Richmond/Norfolk,Avocados,Hass,"Last 04 Wks",4,"2022-04-17 00:00:00",1501394.12,1357562.33,-0.095798823,1655771.26,1861648.70,0.124339296,1.102822531,1.371317291,0.243461438
Roanoke,Avocados,Hass,"Last 04 Wks",4,"2022-04-17 00:00:00",879641.77,818677.79,-0.069305461,938283.18,1064117.20,0.134110913,1.066665104,1.299799756,0.218564056
Sacramento,Avocados,Hass,"Last 04 Wks",4,"2022-04-17 00:00:00",2043197.65,1845019.94,-0.096993903,3058326.15,3167743.40,0.035776844,1.496833234,1.716915543,0.147031950
"San Diego",Avocados,Hass,"Last 04 Wks",4,"2022-04-17 00:00:00",2205901.41,2165210.55,-0.018446361,2997723.03,3157159.20,0.053185758,1.358956035,1.458130341,0.072978304
"San Francisco",Avocados,Hass,"Last 04 Wks",4,"2022-04-17 00:00:00",3456069.39,3573450.89,0.033963874,5410427.89,6199658.18,0.145872064,1.565485900,1.734921889,0.108232204
Seattle,Avocados,Hass,"Last 04 Wks",4,"2022-04-17 00:00:00",2426279.33,2307060.96,-0.049136293,4097348.44,4258114.08,0.039236508,1.688737314,1.845687721,0.092939503
"South Carolina",Avocados,Hass,"Last 04 Wks",4,"2022-04-17 00:00:00",2302849.02,2105493.16,-0.085700738,2657996.02,3020785.05,0.136489679,1.154220706,1.434716153,0.243017168
Spokane,Avocados,Hass,"Last 04 Wks",4,"2022-04-17 00:00:00",339802.90,315330.90,-0.072018217,473508.62,525171.33,0.109106165,1.393480200,1.665461014,0.195180968
"St. Louis",Avocados,Hass,"Last 04 Wks",4,"2022-04-17 00:00:00",921756.82,868701.81,-0.057558575,964524.67,1065131.24,0.104306889,1.046398202,1.226118369,0.171751220
Syracuse,Avocados,Hass,"Last 04 Wks",4,"2022-04-17 00:00:00",413202.10,360250.86,-0.128148521,484241.22,506392.42,0.045744150,1.171923421,1.405666093,0.199452172
Tampa,Avocados,Hass,"Last 04 Wks",4,"2022-04-17 00:00:00",2677710.92,2257238.93,-0.157026655,2706232.91,3205799.84,0.184598643,1.010651632,1.420230615,0.405262278
Toledo,Avocados,Hass,"Last 04 Wks",4,"2022-04-17 00:00:00",560510.27,589503.01,0.051725612,634735.00,753282.28,0.186766574,1.132423490,1.277826013,0.128399424
"West Tex/New Mexico",Avocados,Hass,"Last 04 Wks",4,"2022-04-17 00:00:00",4013963.55,3646180.60,-0.091625881,3805409.56,4387263.45,0.152901778,0.948042881,1.203249080,0.269192675
Wichita,Avocados,Hass,"Last 04 Wks",4,"2022-04-17 00:00:00",454887.58,474978.91,0.044167680,436262.18,554818.52,0.271754804,0.959054939,1.168090863,0.217960323
